passage_id,question,passage
1997_938-20,Kto uchwala regulamin określający szczegółowy tryb działania zarządu NBP?,"Szczegółowy tryb działania Zarządu NBP określa regulamin uchwalony przez 
Zarząd.
                               Rozdział 3
                         NBP a władze państwowe
                                    "
1997_938-7,Kto uchwala regulamin określający szczegółowy tryb działania zarządu NBP?,"1. NBP wykonuje zadania przez Centralę i inne jednostki organizacyjne.
 2. Zarząd NBP w drodze uchwały:
   1) powołuje, przekształca i likwiduje komórki organizacyjne Centrali NBP 
     i inne jednostki organizacyjne,
   2) określa zakres działalności oraz organizację wewnętrzną Centrali NBP i 
     pozostałych jednostek organizacyjnych NBP."
1998_602-94,W jakim terminie wójt musi opublikować informacje o okręgach wyborczych?,"Informację o okręgach wyborczych, ich granicach i numerach, liczbie radnych
wybieranych w każdym okręgu wyborczym oraz o wyznaczonej siedzibie gminnej
komisji wyborczej podaje do publicznej wiadomości wójt (burmistrz,
prezydent miasta), w formie obwieszczenia, najpóźniej w 50 dniu przed dniem
wyborów.
 
                                Rozdział 15
                     Zgłaszanie kandydatów na radnych
                                     "
1998_602-95,W jakim terminie wójt musi opublikować informacje o okręgach wyborczych?,"1. Ustalenia liczby posłów wybieranych w poszczególnych okręgach wyborczych
  oraz podziału województw na okręgi wyborcze dokonuje się według jednolitej
  normy przedstawicielstwa, obliczonej przez podzielenie liczby mieszkańców
  kraju przez ogólną liczbę posłów wybieranych w okręgach wyborczych, z
  uwzględnieniem przepisów art. 136 i następujących zasad:
   1) ułamki liczby mandatów posłów wybieranych w okręgach wyborczych równe
     lub większe od 12, jakie wynikną z zastosowania jednolitej normy
     przedstawicielstwa, zaokrągla się w górę do liczby całkowitej,
   2) jeżeli w wyniku postępowania, o którym mowa w pkt 1, liczba posłów
     wybieranych w okręgach wyborczych przewyższa liczbę wynikającą z
     przepisu art. 132, mandaty nadwyżkowe odejmuje się w tych okręgach
     wyborczych, w których norma przedstawicielstwa obliczona dla okręgu
     wyborczego jest najmniejsza. W wypadku gdy liczba posłów jest mniejsza
     od wynikającej z przepisu art. 132, dodatkowe mandaty przydziela się tym
     okręgom wyborczym, w których norma przedstawicielstwa obliczona dla
     okręgu wyborczego jest największa.
2. Podział na okręgi wyborcze, ich numery i granice oraz liczbę posłów
  wybieranych w każdym okręgu, a także siedziby okręgowych komisji wyborczych
  określa załącznik nr 1 do ustawy.
3. Informację o okręgu wyborczym podaje się do wiadomości wyborcom danego
  okręgu wyborczego w formie obwieszczenia Państwowej Komisji Wyborczej
  najpóźniej w 52 dniu przed dniem wyborów. Druk i rozplakatowanie
  obwieszczeń zapewnia Krajowe Biuro Wyborcze."
2001_1441-59,"Ile wynosi całkowita długość statków rybackich, którą można wykorzystywać w polskich obszarach morskich?","Wykonywanie rybołówstwa morskiego w polskich obszarach morskich odbywa
się przy użyciu statków rybackich o długości całkowitej
nieprzekraczającej 30 m i mocy silnika głównego nieprzekraczającej 611
kW.
                                    "
2001_499-194,Czy partia polityczna wchodząca w skład koalicji może zgłaszać kandydatów na senatorów samodzielnie?,"Do komitetów wyborczych zgłaszających kandydatów na senatorów stosuje się
odpowiednio przepisy ustawy dotyczące komitetów wyborczych, z tym że:
   1) partia polityczna, która wchodzi w skład koalicji wyborczej utworzonej
     w celu wspólnego zgłoszenia kandydatów na posłów i kandydatów na
     senatorów albo tylko w celu wspólnego zgłoszenia kandydatów na
     senatorów, nie może zgłaszać  kandydatów na senatorów samodzielnie,
   2) nazwa i skrót nazwy komitetu wyborczego wyborców utworzonego tylko w
     celu zgłoszenia kandydatów na senatorów muszą być różne od nazw i
     skrótów nazw komitetów wyborczych utworzonych w celu zgłoszenia
     kandydatów na posłów i kandydatów na senatorów albo kandydatów na
     posłów."
2001_499-139,Czy partia polityczna wchodząca w skład koalicji może zgłaszać kandydatów na senatorów samodzielnie?,"1. Komitet wyborczy może zgłosić w każdym okręgu wyborczym jedną okręgową
  listę kandydatów na posłów, zwaną dalej ""listą okręgową"".
2. Kandydować można tylko w jednym okręgu wyborczym i tylko z jednej listy
  okręgowej.
3. Partie polityczne, które wchodzą w skład koalicji wyborczej, nie mogą
  zgłaszać list kandydatów samodzielnie."
1997_117-146,Kiedy organ celny może wyrazić zgodę na zastosowanie procedury odprawy czasowej?," § 1. Z zastrzeżeniem § 2, w wypadku braku możliwości ustalenia tożsamości 
     towarów przywożonych, organ celny nie wydaje pozwolenia na zastosowanie
     procedury odprawy czasowej.
 § 2. Organ celny może wyrazić zgodę na zastosowanie procedury odprawy 
     czasowej w wypadku, gdy brak możliwości ustalenia tożsamości towaru 
     nie spowoduje nadużycia tej procedury.
 "
1995_1-67,"Jakiej karze podlega ktoś, kto utrudnia przeprowadzenie kontroli przestrzeganie przepisów ustawy?","Kto udaremnia lub utrudnia przeprowadzenie kontroli przestrzegania przepisów
ustawy
             podlega karze grzywny.
       
                              Rozdział 10
                   Zmiany w obowiązujących przepisach
                                    "
2000_1250-35,"Jakiej karze podlega ktoś, kto utrudnia przeprowadzenie kontroli przestrzeganie przepisów ustawy?","Kto utrudnia przeprowadzenie kontroli, o której mowa w art. 28 ust. 1, podlega
karze grzywny."
1996_460-48,Czy ZUS dokona korekty wymiaru składek po złożeniu deklaracji rozliczeniowej przez płatnika po terminie?,"1. Jeżeli płatnik składek nie złoży  w terminie deklaracji rozliczeniowej
  nie będąc z tego obowiązku zwolniony, Zakład dokonuje wymiaru składek z
  urzędu w wysokości wynikającej z ostatnio złożonej deklaracji
  rozliczeniowej, bez uwzględnienia wypłaconych zasiłków oraz zasiłków
  rodzinnych i pielęgnacyjnych, zawiadamiając o tym płatnika.
2. Jeżeli po wymierzeniu składek z urzędu płatnik składek złoży deklarację
  rozliczeniową, Zakład koryguje wymiar składek do wysokości wynikającej ze
  złożonej deklaracji rozliczeniowej, z uwzględnieniem wykazanych w
  deklaracji zasiłków oraz zasiłków rodzinnych i pielęgnacyjnych."
1997_735-64,Czy brak stanowiska oskarżyciela stoi na przeszkodzie uwzględnienia wniosku?," §1. Przy rozpoznawaniu wniosku obwinionego o skazanie go w określony sposób
     bez przeprowadzania rozprawy, zgłoszonego przed jej rozpoczęciem, sąd
     stosuje odpowiednio art. 63.
 §2. Sąd może uwzględnić wniosek, o którym mowa w § 1, jeżeli nie zgłosił wobec
     niego sprzeciwu oskarżyciel publiczny, a także oskarżyciel posiłkowy, gdy
     występuje w sprawie i jedynie wtedy, gdy okoliczności popełnienia czynu
     oraz wyjaśnienia obwinionego w świetle ujawnionego materiału dowodowego
     nie budzą wątpliwości.
 §3. Jeżeli obwiniony nie był przesłuchany w toku czynności wyjaśniających sąd
     przesłuchuje go na posiedzeniu, chyba że obwiniony bez usprawiedliwienia
     nie stawił się na posiedzenie albo nadesłał swoje wyjaśnienia na piśmie w
     trybie określonym w art. 67 § 3.
 §4. Brak stanowiska oskarżyciela w przedmiocie sprzeciwu, o którym mowa w § 2,
     nie stoi na przeszkodzie uwzględnieniu wniosku jeżeli oskarżyciel
     prawidłowo powiadomiony o terminie posiedzenia nie stawił się bez
     usprawiedliwienia.
                                        
                                   Rozdział 12
                            Przygotowanie do rozprawy
                                        "
1998_1118-42,Czy wszyscy pracownicy PKP są pracownikami kolejowymi?,"1. Pracownikami kolejowymi w rozumieniu ustawy są osoby pozostające w
  stosunku pracy w:
   1) jednostkach organizacyjnych przedsiębiorstwa ""Polskie Koleje Państwowe"",
     z wyłączeniem biur projektów kolejowych,
   2) innych jednostkach (komórkach) organizacyjnych, których pracownicy byli
     objęci dotychczasowymi przepisami o zaopatrzeniu emerytalnym pracowników
     kolejowych i ich rodzin.
2. Zatrudnienie pracowników kolejowych w jednostkach (komórkach)
  organizacyjnych, określonych w ust. 1, zwanych dalej ""kolejowymi jednostkami
  organizacyjnymi"", uważa się w rozumieniu ustawy za zatrudnienie na kolei."
2001_749-9,Czy wszyscy pracownicy PKP są pracownikami kolejowymi?,"1. Pracownicy PKP stają się, z mocy prawa, pracownikami PKP SA, z  zastrzeżeniem ust. 2.2. Stosunek pracy członków Zarządu PKP oraz pracowników zatrudnionych na  podstawie powołania wygasa, z mocy prawa, z dniem wykreślenia PKP z rejestru  przedsiębiorstw państwowych. Pracownikom, których stosunek pracy wygasł,  przysługuje odprawa w wysokości trzymiesięcznego wynagrodzenia liczonego jak  ekwiwalent pieniężny za urlop wypoczynkowy. Odprawa ta nie przysługuje w  przypadku przyjęcia, do dnia wygaśnięcia stosunku pracy, propozycji  zatrudnienia w PKP SA.3. Rada PKP ulega rozwiązaniu, z mocy prawa, z dniem określonym w art. 8 ust.  3."
2001_452-16,Kto wydaje certyfikaty zgodności?,"1. Płody rolne nieprzetworzone oraz produkty z nich powstałe, w tym także
  zwierzęta oraz produkty i przetwory pochodzenia zwierzęcego, wprowadza się do
  obrotu jako produkty rolnictwa ekologicznego, jeżeli zostały wyprodukowane
  lub przetworzone metodami ekologicznymi, co potwierdza certyfikat zgodności.
2. Obowiązek uzyskania certyfikatu zgodności nie dotyczy produktów rolnictwa
  ekologicznego, które były objęte systemem kontroli w państwach Unii
  Europejskiej i zostały oznakowane w sposób określony w załączniku do ustawy.
3. Certyfikaty zgodności są wydawane tylko przez upoważnione jednostki
  certyfikujące.
4. Upoważnienia do przeprowadzania kontroli, wydawania i cofania certyfikatów
  zgodności udziela, na wniosek zainteresowanej jednostki certyfikującej, w
  drodze decyzji administracyjnej:
   1) minister właściwy do spraw rolnictwa - w zakresie produkcji rolnej oraz
     pozyskiwania dziko rosnących roślin lub ich części,
   2) minister właściwy do spraw rynków rolnych - w zakresie przetwórstwa
     produktów rolnictwa ekologicznego.
5. Jednostka certyfikująca może zostać upoważniona do przeprowadzania kontroli,
  wydawania i cofania certyfikatów zgodności, jeżeli:
   1) posiada plan kontroli obejmujący szczegółowy opis działań kontrolnych i
     procedur rozpatrywania zastrzeżeń do ustaleń dokonanych w toku kontroli,
   2) zatrudnia wykwalifikowanych pracowników posiadających praktykę w zakresie
     produkcji metodami ekologicznymi,
   3) zapewnia obiektywne i rzetelne warunki przeprowadzania kontroli u
     producentów.
6. Upoważniona jednostka certyfikująca jest zobowiązana do nieujawniania
  informacji i danych uzyskanych w trakcie działalności kontrolnej osobom innym
  niż kontrolowane lub podmioty uprawnione na podstawie odrębnych przepisów.
7. Minister właściwy do spraw rolnictwa oraz minister właściwy do spraw rynków
  rolnych prowadzą rejestr upoważnionych jednostek certyfikujących, który
  zawiera w szczególności:
   1) nazwę jednostki i jej siedzibę,
   2) zakres upoważnienia,
   3) numer identyfikacyjny nadany w upoważnieniu jednostce certyfikującej.
8. Rejestr upoważnionych jednostek certyfikujących publikowany jest w Dzienniku
  Urzędowym Rzeczypospolitej Polskiej ""Monitor Polski""."
2000_489-38,Kto wydaje certyfikaty zgodności?,"1. Kto wiedząc, że wyrób lub proces jego wytwarzania nie są zgodne z
  wymaganiami lub specyfikacjami technicznymi nadaje wyrobowi znak zgodności,
  podlega karze grzywny do 100.000 zł.
2. Tej samej karze podlega ten, kto bez wymaganych uprawnień nadaje znak
  zgodności."
1995_713-44,Czy marszałek województwa jest uprawniony do skracania okresów polowań na terenie województwa?," 1. Minister Ochrony Środowiska, Zasobów Naturalnych i Leśnictwa w porozumieniu
   z Ministrem Rolnictwa i Gospodarki Żywnościowej i po zasięgnięciu
   opinii Państwowej Rady Ochrony Przyrody oraz Polskiego Związku 
   Łowieckiego określi, w drodze rozporządzenia, dla obszaru całego kraju 
   lub jego części, okresy polowań na zwierzęta łowne.
 2. Wojewoda jest uprawniony do skracania, w uzasadnionych przypadkach, 
   okresów polowań na terenie województwa, po zasięgnięciu opinii Polskiego
   Związku Łowieckiego.
 3. Minister Ochrony Środowiska, Zasobów Naturalnych i Leśnictwa, po zasięgnięciu
   opinii Państwowej Rady Ochrony Przyrody, może zezwolić na 
   dokonanie odstrzału lub odłowu zwierzyny dla celów naukowych z pominięciem
   okresów ochronnych.
 4. Minister Ochrony Środowiska, Zasobów Naturalnych i Leśnictwa po zasięgnięciu
   opinii Państwowej Rady Ochrony Przyrody oraz Polskiego Związku
   Łowieckiego określi, w drodze rozporządzenia, listę zwierząt zaliczonych
   do szkodników łowieckich oraz sposoby ograniczania ich populacji.
 "
2004_880-56,Czy marszałek województwa jest uprawniony do skracania okresów polowań na terenie województwa?,"1. Minister właściwy do spraw środowiska może zezwolić na zbiór roślin i
  grzybów objętych ochroną gatunkową , chwytanie, odławianie lub zabijanie
  zwierząt objętych ochroną gatunkową oraz na inne czynności podlegające
  zakazom lub ograniczeniom w stosunku do gatunków:
   1) objętych ochroną ścisłą;
   2) objętych ochroną częściową, jeżeli zezwolenie dotyczy obszaru
     wykraczającego poza granice jednego województwa lub jeżeli ma to związek z
     działaniami podejmowanymi przez ministra właściwego do spraw środowiska, w
     tym dotyczącymi realizacji krajowej strategii ochrony i zrównoważonego
     użytkowania różnorodności biologicznej, programów ochrony gatunków
     zagrożonych wyginięciem lub realizacji umów międzynarodowych.
2. Wojewoda na obszarze swojego działania może zezwolić:
   1) w stosunku do gatunków objętych ochroną częściową - na pozyskiwanie lub
     zbiór roślin lub grzybów, ich części i produktów pochodnych oraz
     pozyskiwanie, chwytanie lub zabijanie zwierząt, a także na inne czynności
     podlegające zakazom lub ograniczeniom;
   2) w stosunku do gatunków objętych ochroną ścisłą - na zbieranie,
     przetrzymywanie i posiadanie martwych, w tym spreparowanych zwierząt, ich
     części i produktów pochodnych, a także na fotografowanie i filmowanie
     mogące powodować niepokojenie lub płoszenie.
3. Zezwolenia na pozyskiwanie roślin, zwierząt i grzybów w lasach wydaje się w
  porozumieniu z właścicielem lub zarządcą lasu.
4. Zezwolenia, o których mowa w ust. 1 i 2, z zastrzeżeniem ust. 5, mogą być
  wydane w przypadku braku rozwiązań alternatywnych i jeżeli nie spowoduje to
  zagrożenia dla dziko występujących populacji chronionych gatunków roślin,
  zwierząt lub grzybów oraz:
   1) wynikają z potrzeby ochrony innych dziko występujących gatunków roślin,
     zwierząt, grzybów oraz ochrony siedlisk przyrodniczych lub
   2) wynikają z konieczności ograniczenia poważnych szkód w gospodarce, w
     szczególności rolnej, leśnej lub rybackiej lub
   3) leżą w interesie zdrowia i bezpieczeństwa powszechnego lub
   4) wynikają z innych koniecznych wymogów nadrzędnego interesu publicznego, w
     tym wymogów o charakterze społecznym lub gospodarczym lub wymogów
     związanych z korzystnymi skutkami o podstawowym znaczeniu dla środowiska
     lub
   5) są niezbędne w realizacji badań naukowych i programów edukacyjnych lub w
     realizacji celów związanych z odbudową populacji, reintrodukcją gatunków
     roślin, zwierząt lub grzybów, albo do celów działań reprodukcyjnych, w tym
     do sztucznego rozmnażania roślin lub
   6) umożliwiają, w ściśle kontrolowanych warunkach, selektywnie i w
     ograniczonym stopniu, zbiór lub przetrzymywanie roślin i grzybów oraz
     chwytanie lub przetrzymywanie zwierząt gatunków objętych ochroną ścisłą w
     liczbie określonej przez wydającego zezwolenie.
5. Zezwolenia na pozyskiwanie roślin i zwierząt objętych ochroną gatunkową mogą
  być wydane jeżeli nie spowodują zagrożenia dla dziko występujących populacji
  chronionych gatunków roślin, zwierząt lub grzybów.
6. Zezwolenie może być wydane na wniosek, który zawiera:
   1) imię, nazwisko i adres albo nazwę i siedzibę wnioskodawcy;
   2) cel wykonania wnioskowanych czynności;
   3) opis czynności, na którą może być wydane zezwolenie;
   4) nazwę gatunku lub gatunków w języku łacińskim i polskim, jeżeli polska
     nazwa istnieje;
   5) liczbę lub ilość osobników, których dotyczy wniosek;
   6) sposób, miejsce i czas wykonania czynności;
   7) wskazanie podmiotu, który będzie uśmiercał zwierzęta.
7. Zezwolenia, o których mowa w ust. 1 i 2, zawierają:
   1) imię, nazwisko i adres albo nazwę i siedzibę wnioskodawcy;
   2) nazwę gatunku lub gatunków w języku łacińskim i polskim, jeżeli polska
     nazwa istnieje;
   3) liczbę lub ilość osobników, których dotyczy zezwolenie;
   4) opis czynności, na które wydaje się zezwolenie;
   5) wskazanie dozwolonych środków i sposobów chwytania, odławiania lub
     zabijania zwierząt albo sposobów zbioru roślin i grzybów lub sposobów
     wykonania innych czynności, na które wydaje się zezwolenie;
   6) określenie czasu i miejsca wykonania czynności, których dotyczy
     zezwolenie;
   7) wskazanie podmiotu, który będzie uśmiercał zwierzęta;
   8) określenie terminu złożenia informacji o wykorzystaniu zezwolenia.
8. Wojewoda do dnia 31 stycznia każdego roku składa ministrowi właściwemu do
  spraw środowiska raport o wydanych zezwoleniach w roku poprzednim,
  zawierający informacje, o których mowa w ust. 7 pkt 2-7, oraz informację o
  wykorzystaniu zezwoleń.
9. Minister właściwy do spraw środowiska przygotowuje i przedstawia Komisji
  Europejskiej raporty dotyczące ochrony gatunkowej, których "
2001_763-2,Czy psycholog wykonuje swój zawód samodzielnie?,Psycholog wykonuje swój zawód samodzielnie.
2001_1545-253,Czy straty wynikłe z utraty ładunku załadowanego bez wiedzy armatora zalicza się do awarii wspólnej?," § 1. Strat wynikłych z utraty lub uszkodzenia ładunku, który załadowano na
     statek bez wiedzy armatora albo zadeklarowano fałszywie przy przyjęciu do
     przewozu, nie zalicza się do awarii wspólnej; jednakże ładunek taki,
     jeżeli został uratowany, uczestniczy w pokryciu udziałów awarii wspólnej
     według ogólnych zasad.
 § 2. Straty wynikłe z utraty lub uszkodzenia ładunku, którego wartość została
     przy przyjęciu do przewozu zadeklarowana poniżej rzeczywistej wartości,
     zalicza się do awarii wspólnej według wartości zadeklarowanej, natomiast
     ciążące na tym ładunku zobowiązania z tytułu udziału w awarii wspólnej
     ustala się według jego wartości rzeczywistej.
                                        "
1997_469-47f,W zależności od czego oblicza się opłaty za usunięcie drzew?,"             lub krzewów.
         2. Opłaty nalicza i pobiera organ właściwy do wydania zezwolenia na
           usunięcie drzew lub krzewów.
         3. Opłaty za usunięcie drzew ustala się w zależności od obwodu pnia,
           rodzaju lub gatunku (odmiany) drzewa, a za usunięcie krzewów - w
           zależności od powierzchni porośniętej krzewami.
         4. Opłatę ustala się przy udzielaniu zezwolenia.
         5. Wniosek o wydanie zezwolenia powinien zawierać dane dotyczące
           gatunku drzewa, obwodu jego pnia, przeznaczenia terenu, na którym
           rośnie drzewo, przyczynę i termin zamierzonego usunięcia drzewa lub
           przyczynę i termin zamierzonego usunięcia krzewów oraz wielkość
           powierzchni, z której zostaną usunięte krzewy.
         6. Organ gminy odracza na okres dwóch lat termin uiszczenia opłaty za
           usunięcie drzew lub krzewów, jeżeli zezwolenie przewiduje
           przesadzenie ich w inne miejsce.
         7. Jeżeli przesadzone drzewa lub krzewy zachowały żywotność po upływie
           dwóch lat od dnia ich przesadzenia lub nie zachowały żywotności na
           skutek siły wyższej lub klęski suszy, należność z tytułu ustalonej
           opłaty za usunięcie drzew lub krzewów podlega umorzeniu przez organ
           gminy."
2004_880-84,W zależności od czego oblicza się opłaty za usunięcie drzew?,"1. Posiadacz nieruchomości ponosi opłaty za usunięcie drzew lub krzewów.
2. Opłaty nalicza i pobiera organ właściwy do wydania zezwolenia na usunięcie
  drzew lub krzewów.
3. Opłaty za usunięcie drzew lub krzewów ustala się w wydanym zezwoleniu.
4. Organ właściwy do wydania zezwolenia na usunięcie drzew lub krzewów odracza,
  na okres 3 lat od dnia wydania zezwolenia, termin uiszczenia opłaty za ich
  usunięcie, jeżeli zezwolenie przewiduje przesadzenie ich w inne miejsce lub
  zastąpienie innymi drzewami lub krzewami.
5. Jeżeli przesadzone albo posadzone w zamian drzewa lub krzewy zachowały
  żywotność po upływie 3 lat od dnia ich przesadzenia albo posadzenia lub nie
  zachowały żywotności z przyczyn niezależnych od posiadacza nieruchomości,
  należność z tytułu ustalonej opłaty za usunięcie drzew lub krzewów podlega
  umorzeniu przez organ właściwy do naliczania i pobierania opłat.
6. Opłaty za usunięcie drzew lub krzewów, związane z budową dróg publicznych,
  pomniejsza się o koszty poniesione na tworzenie zadrzewień w miejsce
  usuniętych drzew lub krzewów, w granicach pasa drogowego."
2004_880-85,W zależności od czego oblicza się opłaty za usunięcie drzew?,"1. Opłatę za usunięcie drzew ustala się na podstawie stawki zależnej od obwodu
  pnia oraz rodzaju i gatunku drzewa.
2. Stawki opłat za usuwanie drzew nie mogą przekraczać za jeden centymetr
  obwodu pnia mierzonego na wysokości 130 cm:
   1) 270 zł - przy obwodzie do 25 cm;
   2) 410 zł - przy obwodzie od 26 do 50 cm;
   3) 640 zł - przy obwodzie od 51 do 100 cm;
   4) 1000 zł - przy obwodzie od 101 do 200 cm;
   5) 1500 zł - przy obwodzie od 201 do 300 cm;
   6) 2100 zł - przy obwodzie od 301 do 500 cm;
   7) 2700 zł - przy obwodzie od 501 do 700 cm;
   8) 3500 zł - przy obwodzie powyżej 700 cm.
3. Jeżeli drzewo rozwidla się na wysokości poniżej 130 cm, każdy pień traktuje
  się jako odrębne drzewo.
4. Minister właściwy do spraw środowiska określi, w drodze rozporządzenia:
   1) stawki dla poszczególnych rodzajów i gatunków drzew,
   2) współczynniki różnicujące stawki w zależności od obwodu pnia
 - kierując się zróżnicowanymi kosztami produkcji poszczególnych rodzajów i
  gatunków drzew oraz wielkościami przyrostu obwodu pni drzew.
5. Stawkę za usunięcie jednego metra kwadratowego powierzchni pokrytej krzewami
  ustala się w wysokości 200 zł.
6. Opłaty za usunięcie drzew lub krzewów z terenu uzdrowisk, obszaru ochrony
  uzdrowiskowej, terenu nieruchomości wpisanej do rejestru zabytków oraz
  terenów zieleni są o 100% wyższe od opłat ustalonych na podstawie stawek, o
  których mowa ust. 4 pkt 1 i ust. 5.
7. Stawki, o których mowa w ust. 2, ust. 4 pkt 1 i ust. 5, podlegają z dniem 1
  stycznia każdego roku waloryzacji o prognozowany średnioroczny wskaźnik cen
  towarów i usług konsumpcyjnych ogółem, przyjęty w ustawie budżetowej.
8. Minister właściwy do spraw środowiska, w terminie do dnia 31 października
  każdego roku, ogłasza, w drodze obwieszczenia w Dzienniku Urzędowym
  Rzeczypospolitej Polskiej ""Monitor Polski"", wysokość stawek, o których mowa w
  ust. 7 i art. 89 ust. 8."
1999_802-46,Czy funkcjonariusz celny może dostać odznakę honorową?,"1. Funkcjonariuszowi celnemu, który wzorowo wykonuje obowiązki, przejawia
  inicjatywę w służbie i doskonali kwalifikacje zawodowe, mogą być udzielane
  wyróżnienia:
   1) dyplom,
   2) nagroda pieniężna lub rzeczowa,
   3) awansowanie na wyższe stanowisko lub na wyższy stopień służbowy,
   4) przyznanie odznaki honorowej,
   5) przedstawienie do odznaczenia państwowego.
2. Minister właściwy do spraw finansów publicznych określi w drodze
  rozporządzenia tryb udzielania wyróżnień oraz właściwość przełożonych w tych
  sprawach.
                                       "
1999_802-5,Czy funkcjonariusz celny może dostać odznakę honorową?,"1. Ustanawia się odznakę honorową ""Zasłużony dla Służby Celnej"".
2. Odznakę honorową ""Zasłużony dla Służby Celnej"" nadaje minister właściwy do
  spraw finansów publicznych osobom wyróżniającym się w Służbie Celnej lub
  mających szczególne zasługi dla Służby Celnej.
3. Rada Ministrów określi, w drodze rozporządzenia, wzór odznaki, szczegółowe
  zasady i tryb jej nadawania, a także sposób jej noszenia,  oraz wzór wniosku
  o nadanie odznaki i legitymacji. We wzorze wniosku powinny zostać
  sprecyzowane niezbędne dane, w tym informacje o osiągnięciach uzasadniających
  nadanie odznaki.
4. Minister właściwy do spraw finansów publicznych określi, w drodze
  rozporządzenia, wzór sztandaru Służby Celnej oraz tryb jego nadania. Wzór
  sztandaru Służby Celnej powinien nawiązywać do tradycji administracji celnej."
1996_3-10,Jaki organ Krajowej Izby jest najwyższym jej organem?,"1. Najwyższym organem izby jest walne zgromadzenie.
 2. Członkowie walnego zgromadzenia są wybierani spośród członków izby w 
   wyborach bezpośrednich, przeprowadzanych w głosowaniu tajnym."
1997_593-29,Jaki organ Krajowej Izby jest najwyższym jej organem?,"1. Krajowy Zjazd Izby jest najwyższym organem Krajowej Izby.
2. Krajowy Zjazd Izby stanowią delegaci wybrani przez okręgowe zjazdy izb.
3. W Krajowym Zjeździe Izby biorą udział z głosem doradczym nie będący
  delegatami członkowie ustępujących organów Krajowej Izby, o których mowa w
  art. 28 ust. 1 pkt 2-6.
4. Krajowa Rada Izby określa zasady ustalania liczby delegatów z okręgowych
  izb na Krajowy Zjazd Izby.
5. Krajowa Rada Izby zwołuje Krajowy Zjazd Izby, co najmniej raz w roku jako
  sprawozdawczy, a co 4 lata jako sprawozdawczo-wyborczy.
6. Nadzwyczajny Krajowy Zjazd Izby zwołuje Krajowa Rada Izby z własnej
  inicjatywy lub na wniosek Krajowej Komisji Rewizyjnej, co najmniej 1/3
  ogólnej liczby członków okręgowych rad izb, co najmniej 1/5 wszystkich
  członków okręgowych izb albo ministra właściwego do spraw architektury i
  budownictwa dla izb architektów i inżynierów budownictwa lub ministra
  właściwego do spraw gospodarki przestrzennej i mieszkaniowej dla izby
  urbanistów.
7. Nadzwyczajny Krajowy Zjazd Izby powinien być zwołany w terminie 2 miesięcy
  od dnia wpływu wniosku o zwołanie zjazdu.
                                       "
1995_439-12,Czy rachmistrze muszą składać przyrzeczenie?,"Pracownicy służb statystyki publicznej, rachmistrze spisowi, ankieterzy statystyczni
oraz inne osoby wykonujące czynności w imieniu i na rzecz statystyki publicznej,
mający bezpośredni dostęp do danych indywidualnych i danych osobowych,
są obowiązani do bezwzględnego przestrzegania tajemnicy statystycznej i 
mogą być dopuszczeni do wykonywania tych czynności po złożeniu w urzędzie 
statystycznym albo innej jednostce organizacyjnej służb statystyki publicznej pisemnego
przyrzeczenia następującej treści:
   ""Przyrzekam, że będę wykonywać swoje prace na rzecz statystyki publicznej
    z całą rzetelnością, zgodnie z etyką zawodową statystyka, a poznane
    w czasie ich wykonywania dane jednostkowe zachowam w tajemnicy 
    wobec osób trzecich.""
  "
2001_499-63,Czy można wejść do lokalu wyborczego z bronią?,Zabroniony jest wstęp do lokalu wyborczego osobom uzbrojonym.
1998_602-49,Czy można wejść do lokalu wyborczego z bronią?,Osobom uzbrojonym wstęp do lokalu wyborczego jest zakazany.
2001_1207-6,Czy osoba udzielająca pierwszej pomocy może poświęcić mienie drugiej osoby w stopniu niezbędnym do ratowania życia?,"Kierujący medycznymi działaniami ratowniczymi, a także osoba udzielająca
pierwszej pomocy lub podejmująca medyczne działania ratownicze, może poświęcić
dobra osobiste innej osoby, inne niż życie lub zdrowie, a także dobra majątkowe
w zakresie, w jakim jest to niezbędne dla ratowania życia lub zdrowia osoby w
stanie nagłego zagrożenia.
                                        "
2001_1207-13,Czy osoba udzielająca pierwszej pomocy może poświęcić mienie drugiej osoby w stopniu niezbędnym do ratowania życia?,"Osoba podejmująca medyczne działania ratownicze oraz osoba udzielająca pierwszej
pomocy korzystają z ochrony przewidzianej w Kodeksie karnym dla funkcjonariuszy
publicznych."
2001_499-238,Czy źródła finansowania partii politycznych mogą być niejawne?,"W ustawie z dnia 27 czerwca 1997 r. o partiach politycznych (Dz.U. Nr 98,
poz. 604 i z 1998 r. Nr 106, poz. 668) wprowadza się następujące zmiany:
1) w art. 11 w ust. 1 wyraz ""Wojewódzki"" zastępuje się wyrazem ""Okręgowy"";
2) tytuł rozdziału 4 otrzymuje brzmienie:
    ""Finanse i finansowanie partii politycznych"";
3) w rozdziale 4 dodaje się art. 23a w brzmieniu:
       ""Art. 23a. Źródła finansowania partii politycznych są jawne."";
4) art. 24 i 25 otrzymują brzmienie:
      ""Art. 24. 1. Majątek partii politycznej powstaje ze składek
             członkowskich, darowizn, spadków, zapisów, z dochodów z majątku
             oraz z określonych ustawami dotacji i subwencji.
           2. Majątek partii politycznej może być przeznaczony tylko na cele
            statutowe lub charytatywne.
         3. Partia polityczna nie może prowadzić działalności gospodarczej.
         4. Partia polityczna może pozyskiwać dochody z majątku pochodzące
           jedynie:
           1) z oprocentowania środków zgromadzonych na rachunkach bankowych
             i lokatach,
           2) z obrotu obligacjami Skarbu Państwa i bonami skarbowymi Skarbu
             Państwa,
           3) ze zbycia należących do niej składników majątkowych,
           4) z działalności, o której mowa w art. 27.
         5. Partia polityczna może użyczać posiadane przez siebie
           nieruchomości i lokale jedynie na biura poselskie, senatorskie
           oraz biura radnych gminy, powiatu albo województwa.
         6. Partia polityczna nie może przeprowadzać zbiórek publicznych.
         7. Partia polityczna może zaciągać kredyty bankowe na cele
           statutowe.
         8. Partia polityczna może gromadzić środki finansowe jedynie na
           rachunkach  bankowych."
1997_604-39,Czy źródła finansowania partii politycznych mogą być niejawne?," 1. Źródła finansowania partii politycznych są jawne.
 2. Partia polityczna składa Sądowi, nie później niż do 31 marca następnego 
   roku, informację o jej źródłach finansowania w roku poprzednim. Odpis 
   informacji partia polityczna składa w tym samym terminie Państwowej 
   Komisji Wyborczej.
 3. Państwowa Komisja Wyborcza po porozumieniu z Ministrem Finansów 
   ustala, w drodze uchwały, wzór informacji, o której mowa w ust. 2.
 4. W przypadku niezłożenia przez partię polityczną informacji określonej w 
   ust. 2 Sąd wzywa właściwy organ partii politycznej do jej złożenia w terminie
   3 miesięcy.
 5. W razie bezskutecznego upływu terminu, o którym mowa w ust. 4, Sąd po 
   przeprowadzeniu rozprawy wydaje postanowienie o wykreśleniu wpisu partii
   politycznej z ewidencji.
 "
1998_1118-69,Czy wnuki przyjęte na wychowanie mają prawo do renty po zmarłych rodzicach?,"Przyjęte na wychowanie i utrzymanie wnuki, rodzeństwo i inne dzieci, o których
mowa w art. 67 ust. 1 pkt 2, mają prawo do renty rodzinnej, jeżeli spełniają
warunki określone w art. 68, a ponadto:
   1) zostały przyjęte na wychowanie i utrzymanie co najmniej na rok przed
     śmiercią ubezpieczonego (emeryta lub rencisty), chyba że śmierć była
     następstwem wypadku, oraz
   2) nie mają prawa do renty po zmarłych rodzicach, a gdy rodzice żyją,
     jeżeli:
     a) nie mogą zapewnić im utrzymania albo
     b) ubezpieczony (emeryt lub rencista) lub jego małżonek był ich
       opiekunem ustanowionym przez sąd."
1997_769-30,Kiedy kurator składa wniosek o ogłoszenie upadłości osoby prawnej?,"Kurator składa wniosek o ogłoszenie upadłości osoby prawnej, dla której został
ustanowiony, jeżeli stwierdzi, że istnieją podstawy do ogłoszenia upadłości.
 "
1996_110-223,Czy dawka promieniowania jonizującego pochodzącego ze źródeł naturalnych może przekroczyć dawkę graniczną?,"                promieniowaniem jonizującym, pochodzącym ze źródeł 
                sztucznych i naturalnych, występujących w środowisku 
                pracy.
             §2. Dawka promieniowania jonizującego pochodzącego ze 
                źródeł naturalnych, otrzymywana przez pracownika przy 
                pracy w warunkach narażenia na to promieniowanie, nie 
                może przekraczać dawek granicznych, określonych w 
                odrębnych przepisach dla sztucznych źródeł promieniowania
                jonizującego."
2001_18-14,Czy dawka promieniowania jonizującego pochodzącego ze źródeł naturalnych może przekroczyć dawkę graniczną?,"1. Suma dawek promieniowania jonizującego dla pracowników oraz ogółu ludności,
  pochodzących od wszystkich rodzajów wykonywanej działalności łącznie, nie
  może, z zastrzeżeniem art. 19 ust. 1 i art. 20 ust. 2 i 3, przekraczać dawek
  granicznych określonych w przepisach wydanych na podstawie art. 25 pkt 1.
2. Dawek granicznych nie stosuje się do osób poddawanych działaniu
  promieniowania jonizującego w celach medycznych."
1996_463-1,Jaki tytuł ma obecnie Wyższa Szkoła Inżynierska w Koszalinie?,"Wyższej Szkole Inżynierskiej w Koszalinie nadaje się nazwę ""Politechnika Koszalińska"".
 "
2001_1207-20,Czy wydanie dyspozycji wyjazdu/wylotu zespołu ratownictwa medycznego w razie konieczności użycia dodatkowych jednostek systemu rodzi roszczenia finansowe?,"1. Do zadań centrum powiadamiania ratunkowego należy w szczególności:
   1) przyjmowanie powiadomień o stanach nagłego zagrożenia życia lub zdrowia,
     ustalanie priorytetów i niezwłoczne dysponowanie jednostek systemu,
     z uwzględnieniem ust. 2,
   2) przekazywanie niezbędnych informacji osobom udzielającym pierwszej
     pomocy, w szczególności przed przybyciem zespołu ratownictwa medycznego na
     miejsce zdarzenia,
   3) przekazywanie kierującemu działaniami ratowniczymi niezbędnych informacji
     ułatwiających podejmowanie rozstrzygnięć na miejscu zdarzenia,
   4) przekazywanie niezbędnych informacji o stanach zagrożenia życia lub
     zdrowia innym jednostkom wykonującym zadania w zakresie ratownictwa
     medycznego,
   5) koordynacja medycznych działań ratowniczych podejmowanych przez
     poszczególne jednostki systemu, a także działań podejmowanych przez inne
     jednostki uczestniczące w działaniach ratowniczych, w szczególności przez
     jednostki współdziałające z systemem, o których mowa w art. 32 ust. 1,
     oraz inne jednostki wykonujące zadania w zakresie ratownictwa medycznego,
   6) monitorowanie i analiza działań ratowniczych.
2. W razie konieczności użycia dodatkowych jednostek systemu, rozlokowanych
  poza obszarem działania centrum powiadamiania ratunkowego, dyspozytor
  medyczny tego centrum zwraca się do dyspozytora medycznego centrum
  powiadamiania ratunkowego działającego na sąsiednim obszarze o wydanie
  dyspozycji wyjazdu albo wylotu na miejsce zdarzenia zespołu ratownictwa
  medycznego lub o przyjęcie osoby znajdującej się w stanie nagłego zagrożenia
  życia lub zdrowia do szpitalnego oddziału ratunkowego.
3. W sytuacji, o której mowa w ust. 2, dyspozytor wydaje dyspozycję wyjazdu
  albo wylotu na miejsce zdarzenia lub przyjęcia osoby do szpitalnego oddziału
  ratunkowego. Dyspozytor może odmówić wydania dyspozycji, o której mowa w ust.
  2, wyłącznie w sytuacji, gdy jednostka systemu nie ma możliwości wykonania w
  danej chwili określonego zadania.
4. Wydanie dyspozycji wyjazdu albo wylotu zespołu ratownictwa medycznego
  w przypadku określonym w ust. 2, nie rodzi roszczeń finansowych.
                                        "
1997_593-23,Co kontroluje okręgowa komisja rewizyjna?,"Okręgowa komisja rewizyjna:
   1) kontroluje działalność statutową, finansową i gospodarczą okręgowej izby,
   2) składa sprawozdania  okręgowemu zjazdowi izby  i Krajowej Komisji
     Rewizyjnej,
   3) występuje z wnioskiem o udzielenie absolutorium okręgowej radzie izby.
                                       "
1997_553-184,"Czy ktoś, kto przewozi materiał jądrowy bez właściwego zabezpeczenia podlega karze ograniczenia wolności?"," § 1. Kto przewozi, gromadzi, składuje, porzuca lub pozostawia bez właściwego
     zabezpieczenia materiał jądrowy albo inne źródło promieniowania 
     jonizującego, jeżeli może to zagrozić życiu lub zdrowiu człowieka lub 
     spowodować zniszczenie w świecie roślinnym lub zwierzęcym w znacznych
     rozmiarach,
        podlega karze pozbawienia wolności od 3 miesięcy do lat 5.
 § 2. Tej samej karze podlega, kto wbrew obowiązkowi dopuszcza do popełnienia
     czynu określonego w § 1.
 § 3. Jeżeli sprawca czynu określonego w § 1 lub 2 działa nieumyślnie,
        podlega grzywnie, karze ograniczenia wolności albo pozbawienia 
         wolności do lat 2.
                                    "
2001_1409-27,Czy producent butelek miarowych może przekazać opis przyjętego systemu kontroli wewnętrznej po rozpoczęciu produkcji?,"1. Producent butelek miarowych jest odpowiedzialny za zorganizowanie i
  przeprowadzanie kontroli wewnętrznej butelek miarowych. Kontrola ta może być
  przeprowadzana wyłącznie przy pomocy zalegalizowanych przyrządów pomiarowych,
  odpowiednich do wykonywania niezbędnych czynności.
2. Stosowany przez producenta system kontroli wewnętrznej butelek miarowych
  powinien zapewniać skuteczność porównywalną do skuteczności metody
  referencyjnej. Opis metody referencyjnej kontroli butelek miarowych zawiera
  załącznik nr 6 do ustawy.
3. Producent, w terminie co najmniej 60 dni przed rozpoczęciem produkcji
  butelek miarowych jest obowiązany przekazać dyrektorowi właściwego
  terytorialnie okręgowego urzędu miar opis przyjętego przez siebie systemu
  kontroli wewnętrznej butelek miarowych. Przepisy art. 16 ust. 2 i 3 stosuje
  się odpowiednio.
4. Producent może wprowadzać do obrotu partię butelek miarowych po
  przeprowadzeniu kontroli wewnętrznej, o której mowa w ust. 1 i stwierdzeniu
  pozytywnego wyniku kontroli.
                                        "
2001_499-18,Czy wyborca niepełnosprawny jest dopisywany do spisu wyborców?,"1. Wyborca niepełnosprawny, na jego wniosek wniesiony do urzędu gminy
  najpóźniej w 10 dniu przed dniem wyborów, jest dopisywany do spisu wyborców
  w wybranym przez siebie obwodzie głosowania spośród obwodów głosowania, w
  których znajdują się lokale, o których mowa w art. 53 ust. 1, na obszarze
  gminy właściwej ze względu na miejsce jego stałego zamieszkania.
2. We wniosku, o którym mowa w ust. 1, podaje się dane wymienione w art. 11
  ust. 4.
                                      "
1997_739-86,Kto wydaje decyzje w sprawach udzielania i pozbawiania azylu w RP?,"Decyzje w sprawach udzielania i pozbawiania azylu w Rzeczypospolitej Polskiej
wydaje Minister Spraw Wewnętrznych i Administracji w porozumieniu z 
Ministrem Spraw Zagranicznych.
                                    "
1997_739-109,Kto wydaje decyzje w sprawach udzielania i pozbawiania azylu w RP?,"1. Cudzoziemiec, który przybył na terytorium Rzeczypospolitej Polskiej w 
   okresie od dnia 1 stycznia 1992 r. do dnia 31 grudnia 1996 r., na podstawie
   uzyskanego przed przyjazdem zezwolenia na pobyt stały wydanego na 
   podstawie art. 13 ustawy, o której mowa w art. 112 i przebywa na nim 
   nieprzerwanie, może w okresie do dnia 31 grudnia 1998 r. złożyć wniosek 
   o uznanie go za obywatela polskiego.
 2. Wniosek, o którym mowa w ust. 1, składa się do Ministra Spraw Wewnętrznych
   i Administracji.
 3. Minister Spraw Wewnętrznych i Administracji wyda decyzję o uznaniu cudzoziemca
   za obywatela polskiego, jeżeli wnioskodawca spełnia łącznie 
   następujące warunki:
   1) jest narodowości polskiej lub ma pochodzenie polskie,
   2) ma w Rzeczypospolitej Polskiej zapewnione mieszkanie i utrzymanie - 
     w takim wypadku przepis art. 19 ust. 3 stosuje się odpowiednio,
   3) nie zachodzi w jego wypadku żadna z okoliczności określonych w art. 
     13 ust. 1 pkt 2-6.
 4. Od decyzji Ministra Spraw Wewnętrznych i Administracji, o której mowa 
   w ust. 3, nie przysługuje skarga do Naczelnego Sądu Administracyjnego.
 5. W wypadku nabycia przez oboje rodziców obywatelstwa polskiego w trybie 
   określonym w ust. 1 obywatelstwo polskie nabywają również ich dzieci. Jeżeli
   obywatelstwo polskie w trybie określonym w ust. 1 nabywa tylko jedno 
   z rodziców, dzieci nabywają obywatelstwo polskie jedynie za zgodą drugiego
   z rodziców, wyrażoną w odpowiednim oświadczeniu złożonym przed 
   wojewodą albo kierownikiem polskiego przedstawicielstwa dyplomatycznego
   lub urzędu konsularnego.
 6. Nabycie obywatelstwa, zgodnie z ust. 5, przez dziecko, które ukończyło 
   szesnaście lat, następuje za jego zgodą.
 7. Osobie, która nabyła obywatelstwo polskie w trybie określonym w ust. 3, 
   przysługują wszelkie uprawnienia, jakie przepisy prawa wiążą z uzyskaniem
   obywatelstwa polskiego w drodze repatriacji lub uznaniem za repatrianta.
 8. Osoba, która utraciła obywatelstwo polskie nabyte w trybie określonym w 
   niniejszym artykule, nie może nabyć go ponownie w drodze repatriacji.
 9. Rada Ministrów określi, w drodze rozporządzenia, szczegółowy tryb postępowania
   w sprawach, o których mowa w niniejszym artykule, wzór wniosku
   oraz dokumenty, które powinny być do niego dołączone."